INSERT INTO `auth_user` (`id`, `password`, `last_login`, `is_superuser`, `username`, `first_name`, `last_name`, `email`, `is_staff`, `is_active`, `date_joined`) VALUES
(1, 'pbkdf2_sha256$600000$ITxXpAhNq8xmx30sdN7ETP$ZSDPTrq2BuNqVNzY+n5YJEQ3lo09Hf6+aDIdPlf3PDo=', '2025-01-26 11:03:17.214374', 1, 'darpan', '', '', 'darpan@gmail.com', 1, 1, '2024-09-19 16:02:10.925149'),
(2, 'pbkdf2_sha256$600000$vowa66aVHVcUnv8Kjlzxec$NiLfve9Gf8756SE772MYir64t0HPKvi9Ppf3kbnH2OU=', NULL, 0, '5122-5243', '', '', '', 0, 1, '0000-00-00 00:00:00.000000'),
(3, 'pbkdf2_sha256$600000$zvoLjw6FeFF4v1cDkoL7ts$6POKfIq9Una8zyJRZuQofEFBpjG0MxJOmxOtDyzgwc0=', '2024-09-20 08:29:39.041519', 0, '5324-6332', 'Darpan', '', '', 0, 1, '0000-00-00 00:00:00.000000'),
(4, '$2y$10$EqiwJIJzHwk72NlaN1KizeKAoIYJoUK6cEIMgTD6u3ZqgMSjv/wTS', NULL, 0, '1243-4532', '', '', '', 1, 1, '0000-00-00 00:00:00.000000'),
(5, '$2y$10$EqiwJIJzHwk72NlaN1KizeKAoIYJoUK6cEIMgTD6u3ZqgMSjv/wTS', NULL, 0, 'user-1243-4536', '', '', '', 1, 1, '0000-00-00 00:00:00.000000'),
(6, '$2y$10$eAOp7X9dRy09Qj9h3UxTH.eVyQ4w4F..aArXNrHCJNSRGmd7lSwiW', NULL, 0, '3864-0406', '', '', '', 1, 1, '0000-00-00 00:00:00.000000'),
(7, '$2y$10$EqiwJIJzHwk72NlaN1KizeKAoIYJoUK6cEIMgTD6u3ZqgMSjv/wTS', NULL, 0, 'user-1243-4537', '', '', '', 1, 1, '0000-00-00 00:00:00.000000'),
(8, '$2y$10$EqiwJIJzHwk72NlaN1KizeKAoIYJoUK6cEIMgTD6u3ZqgMSjv/wTS', NULL, 0, 'user-1243-4538', '', '', '', 1, 1, '0000-00-00 00:00:00.000000'),
(9, '$2y$10$EqiwJIJzHwk72NlaN1KizeKAoIYJoUK6cEIMgTD6u3ZqgMSjv/wTS', NULL, 0, 'user-1243-4539', '', '', '', 1, 1, '0000-00-00 00:00:00.000000'),
(10, '$2y$10$EqiwJIJzHwk72NlaN1KizeKAoIYJoUK6cEIMgTD6u3ZqgMSjv/wTS', NULL, 0, 'user-1243-4540', '', '', '', 1, 1, '0000-00-00 00:00:00.000000'),
(11, '$2y$10$EqiwJIJzHwk72NlaN1KizeKAoIYJoUK6cEIMgTD6u3ZqgMSjv/wTS', NULL, 0, 'user-1243-4541', '', '', '', 1, 1, '0000-00-00 00:00:00.000000'),
(12, '$2y$10$EqiwJIJzHwk72NlaN1KizeKAoIYJoUK6cEIMgTD6u3ZqgMSjv/wTS', NULL, 0, 'user-1243-4542', '', '', '', 1, 1, '0000-00-00 00:00:00.000000'),
(13, '$2y$10$EqiwJIJzHwk72NlaN1KizeKAoIYJoUK6cEIMgTD6u3ZqgMSjv/wTS', NULL, 0, 'user-1243-4543', '', '', '', 1, 1, '0000-00-00 00:00:00.000000'),
(14, '$2y$10$EqiwJIJzHwk72NlaN1KizeKAoIYJoUK6cEIMgTD6u3ZqgMSjv/wTS', NULL, 0, 'user-1243-4544', '', '', '', 1, 1, '0000-00-00 00:00:00.000000'),
(15, '$2y$10$EqiwJIJzHwk72NlaN1KizeKAoIYJoUK6cEIMgTD6u3ZqgMSjv/wTS', NULL, 0, 'user-1243-4545', '', '', '', 1, 1, '0000-00-00 00:00:00.000000'),
(16, '$2y$10$EqiwJIJzHwk72NlaN1KizeKAoIYJoUK6cEIMgTD6u3ZqgMSjv/wTS', NULL, 0, 'user-1243-4546', '', '', '', 1, 1, '0000-00-00 00:00:00.000000'),
(17, '', NULL, 0, '8257-9589', '', '', 'Darpand263@gmail.com', 0, 1, '2024-09-20 08:43:10.265282'),
(18, '', NULL, 0, '3504-0418', '', '', 'Darpand263@gmail.com', 0, 1, '2024-09-20 08:51:08.080037'),
(20, '', NULL, 0, '4459-2048', '', '', '', 1, 1, '2024-09-20 09:02:46.670202'),
(21, '', NULL, 0, '4258-9045', '', '', '', 1, 1, '2024-09-20 09:11:16.290349'),
(23, '', NULL, 0, '2104-5518', 'Darpan', 'Darpan', '', 1, 1, '2024-09-21 13:42:33.846444');

INSERT INTO `django_admin_log` (`id`, `action_time`, `object_id`, `object_repr`, `action_flag`, `change_message`, `content_type_id`, `user_id`) VALUES
(1, '2024-09-21 13:42:33.902271', '1', 'StudentInfo object (1)', 1, '1 action performed', 21, 1),
(2, '2024-09-21 14:14:06.710184', '1', 'StudentInfo object (1)', 2, '2 action performed', 21, 1),
(3, '2024-09-23 13:13:53.470487', '1', 'StudentInfo object (1)', 2, '2 action performed', 21, 1),
(4, '2024-09-23 13:17:08.988195', '1', 'StudentInfo object (1)', 2, '2 action performed', 21, 1),
(5, '2024-09-23 13:19:16.103195', '12', 'Jane Smith - Part Time', 2, '2 action performed', 15, 1),
(6, '2025-01-26 11:40:50.287948', '1', '2104-5518', 2, '2 action performed', 21, 1),
(7, '2025-01-26 12:29:19.763645', '1', '2104-5518', 2, '2 action performed', 21, 1);


INSERT INTO `auth_group` (`id`, `name`) VALUES
(1, 'admin');

INSERT INTO `administration_address` (`address_id`, `permanent_address`, `current_address`) VALUES
(1, 'Banke, kohalpur', 'Banke, kohalpur'),
(2, 'Banke, kohalpur', 'Banke, kohalpur'),
(3, 'Banke, kohalpur', 'Banke, kohalpur'),
(4, 'Banke, kohalpur', 'Banke, kohalpur'),
(5, 'Banke, kohalpur', 'Banke, kohalpur'),
(6, 'Banke, kohalpur', 'Banke, kohalpur'),
(7, 'Banke, kohalpur', 'Banke, kohalpur'),
(9, 'Banke, kohalpur', 'Banke, kohalpur');

INSERT INTO `administration_contactinfo` (`contact_id`, `mobile_no`, `other_phone`) VALUES
(1, 2147483647, 2147483647),
(2, 2147483647, 2147483647),
(3, 2147483647, 2147483647),
(4, 9864149166, 9864149166),
(5, 9864149166, 9864149166),
(6, 9864149166, 9864149166),
(7, 9864149166, 9864149166),
(9, 9864149166, 9864149166);

INSERT INTO `administration_course` (`course_id`, `course_code`, `course_name`, `fee_per_sem`, `exam_fee`, `no_of_year`) VALUES
(1, 'csc', 'BScCsIt', 48000.00, 5500.00, 4),
(2, 'ca', 'BCA', 48000.00, 5500.00, 4);

INSERT INTO `administration_semester` (`sem_id`, `semester`, `course_id`) VALUES
(1, 1, 1),
(2, 2, 1),
(3, 3, 1),
(4, 4, 1),
(5, 5, 1),
(6, 6, 1),
(7, 7, 1),
(8, 8, 1),
(9, 1, 2),
(10, 2, 2),
(11, 3, 2),
(12, 4, 2),
(13, 5, 2),
(14, 6, 2),
(15, 7, 2),
(16, 8, 2);

INSERT INTO `administration_coursesubject` (`sub_id`, `subject_code`, `subject_name`, `credit_hours`, `full_marks`, `pass_marks`, `course_id`, `sem_id`) VALUES
(1, 'csc114', 'Introduction to Information Technology', 3, 60, 24, 1, 1),
(2, 'csc115', 'C Programming', 3, 60, 24, 1, 1),
(3, 'csc116', 'Digital Logic', 3, 60, 24, 1, 1),
(4, 'csc117', 'Mathematics I', 3, 80, 32, 1, 1),
(5, 'csc118', 'Physics', 3, 60, 24, 1, 1),
(6, 'csc165', 'Discrete Structure', 3, 60, 24, 1, 2),
(7, 'csc166', 'Object-Oriented Programming', 3, 60, 24, 1, 2),
(8, 'csc167', 'Microprocessor', 3, 60, 24, 1, 2),
(9, 'mth168', 'Mathematics II', 3, 80, 32, 1, 2),
(10, 'sta169', 'Statistics I', 3, 60, 24, 1, 2),
(11, 'CACS101', 'Computer Fundamentals & Applications', 4, 60, 24, 2, 9),
(12, 'CASO 102', 'Society & Technology', 3, 60, 24, 2, 9),
(13, 'CAEN 103', 'English I', 3, 60, 24, 2, 9),
(14, 'CAMT 104', 'Mathematics I', 3, 60, 24, 2, 9),
(15, 'CACS 105', 'Digital Logic', 3, 60, 24, 2, 9),
(16, 'CACS 151', 'C Programming', 4, 60, 24, 2, 10),
(17, 'CACS 152', 'Financial Accounting', 3, 60, 24, 2, 10),
(18, 'CAEN 153', 'English II', 3, 60, 24, 2, 10),
(19, 'CAMT 154', 'Mathematics II', 3, 60, 24, 2, 10),
(20, 'CACS 155', 'Microprocessor and Computer Architecture', 3, 60, 24, 2, 10),
(21, 'CACS 201', 'Data Structure & Algorithms', 3, 60, 24, 2, 11),
(22, 'CAST 202', 'Probability and Statistics', 3, 60, 24, 2, 11),
(23, 'CACS 203', 'System Analysis and Design', 3, 60, 24, 2, 11),
(24, 'CACS 204', 'OOP in Java', 3, 60, 24, 2, 11),
(25, 'CACS 205', 'Web Technology', 3, 60, 24, 2, 11),
(26, 'CACS 251', 'Operating System', 3, 60, 24, 2, 12),
(27, 'CACS 252', 'Numerical Methods', 3, 60, 24, 2, 12),
(28, 'CACS 253', 'Software Engineering', 3, 60, 24, 2, 12),
(29, 'CACS 254', 'Scripting Language', 3, 60, 24, 2, 12),
(30, 'CACS 255', 'Database Management System', 3, 60, 24, 2, 12),
(31, 'CACS 256', 'Project I', 2, 60, 24, 2, 12),
(32, 'CACS 301', 'MIS and e-Business', 3, 60, 24, 2, 13),
(33, 'CACS 302', 'DotNet Technology', 3, 60, 24, 2, 13),
(34, 'CACS 303', 'Computer Networking', 3, 60, 24, 2, 13),
(35, 'CACS 304', 'Introduction to Management', 3, 60, 24, 2, 13),
(36, 'CACS 305', 'Computer Graphics and Animation', 3, 60, 24, 2, 13),
(37, 'CACS 351', 'Mobile Programming', 3, 60, 24, 2, 14),
(38, 'CACS 352', 'Distributed System', 3, 60, 24, 2, 14),
(39, 'CACS 353', 'Applied Economics', 3, 60, 24, 2, 14),
(40, 'CACS 354', 'Advanced Java Programming', 3, 60, 24, 2, 14),
(41, 'CACS 355', 'Network Programming', 3, 60, 24, 2, 14),
(42, 'CAPJ  356', 'Project II', 2, 60, 24, 2, 14),
(43, 'CAOR 451', 'Operations Research', 3, 60, 24, 2, 16),
(44, 'CAPJ 452', 'Project III', 6, 60, 24, 2, 16),
(45, 'According', 'BCA Elective III', 3, 60, 24, 2, 16),
(46, 'Acording', 'BCA Elective IV', 3, 60, 24, 2, 16),
(47, 'CACS 401', 'Cyber Law & Professional Ethics', 3, 60, 24, 2, 15),
(48, 'CACS 402', 'Cloud Computing', 3, 60, 24, 2, 15),
(49, 'CAIN 403', 'Internships', 3, 60, 24, 2, 15),
(50, 'According', 'BCA Elective I', 3, 60, 24, 2, 15),
(51, 'According', 'BCA Elective II', 3, 60, 24, 2, 15),
(52, 'CSC206', 'Data Structure and Algorithm', 3, 60, 24, 1, 3),
(53, 'CSC207', 'Numerical Method', 3, 60, 24, 1, 3),
(54, 'CSC208', 'Computer Architecture', 3, 60, 24, 1, 3),
(55, 'CSC209', 'Computer Graphics', 3, 60, 24, 1, 3),
(56, 'STA210', 'Statistics II', 3, 60, 24, 1, 3),
(57, 'CSC257', 'Theory of Computation', 3, 60, 24, 1, 4),
(58, 'CSC258', 'Computer Networks', 3, 60, 24, 1, 4),
(59, 'CSC259', 'Operating Systems', 3, 60, 24, 1, 4),
(60, 'CSC260', 'Database Management System', 3, 60, 24, 1, 4),
(61, 'CSC261', 'Artificial Intelligence', 3, 60, 24, 1, 4),
(62, 'CSC314', 'Design and Analysis of Algorithms', 3, 60, 24, 1, 5),
(63, 'CSC315', 'System Analysis and Design', 3, 60, 24, 1, 5),
(64, 'CSC316', 'Cryptography', 3, 60, 24, 1, 5),
(65, 'CSC317', 'Simulation and Modeling', 3, 60, 24, 1, 5),
(66, 'CSC318', 'Web Technology', 3, 60, 24, 1, 5),
(67, 'According', 'CSC Elective I', 3, 60, 24, 1, 5),
(68, 'CSC364', 'Software Engineering', 3, 60, 24, 1, 6),
(69, 'CSC365', 'Compiler Design and Construction', 3, 60, 24, 1, 6),
(70, 'CSC366', 'E-Governance', 3, 60, 24, 1, 6),
(71, 'CSC367', 'NET Centric Computing', 3, 60, 24, 1, 6),
(72, 'CSC368', 'Technical Writing', 3, 80, 32, 1, 6),
(73, 'According', 'CSC Elective II', 3, 60, 24, 1, 6),
(74, 'CSC409', 'Advanced Java Programming', 3, 60, 24, 1, 7),
(75, 'CSC410', 'Data Warehousing and Data Mining', 3, 60, 24, 1, 7),
(76, 'CSC411', 'Principles of Management', 3, 80, 32, 1, 7),
(77, 'CSC412', 'Project Work', 3, 60, 24, 1, 7),
(78, 'According', 'CSC Elective III', 3, 60, 24, 1, 7),
(79, 'CSC461', 'Advanced Database', 3, 60, 24, 1, 8),
(80, 'CSC462', 'Internship', 3, 80, 32, 1, 8),
(81, 'According', 'CSC Elective IV', 3, 60, 24, 1, 8),
(82, 'According', 'CSC Elective V', 3, 60, 24, 1, 8);


INSERT INTO `administration_degree` (`deg_id`, `sym`, `name`) VALUES
(1, '12', 'Higher Secondary Certificate'),
(2, 'bachelor', 'Bachelor Degree'),
(3, 'master', 'Masters Degree'),
(4, 'phd', 'Doctor of Philosophy');

INSERT INTO `administration_examination` (`ex_id`, `sym`, `name`) VALUES
(1, 'neb', 'NEB'),
(2, 'hseb', 'HSEB');

INSERT INTO `administration_salary` (`salary_id`, `salary_position`, `basic_salary`, `medical_allowance`, `hr_allowance`) VALUES
(1, 'accountant', 250.00, 5001.00, 5000.00),
(2, 'chief', 35000.00, 5000.00, 5000.00),
(3, 'coordinator', 30000.00, 5000.00, 5000.00),
(4, 'teacher', 25000.00, 5000.00, 5000.00);


INSERT INTO `administration_studentinfo` (`id`, `first_name`, `middle_name`, `last_name`, `father_name`, `roll_no`, `discount`, `dsc_amt`, `applicant_status`, `dob`, `gender`, `ten_completion_date`, `ten_passed_certificate`, `twelve_completion_date`, `twelve_passed_certificate`, `profile_image`, `created_at`, `updated_at`, `address_id`, `contact_id`, `sem_id`, `ten_examination_id`, `twelve_examination_id`, `user_id`) VALUES
(1, 'Darpan', NULL, 'Adhikari', 'Chhabilal Adhikari', '27866', 0, NULL, 1, '2024-09-04', 'male', '2024-09-11', '', '2024-09-03', '', 'student_profile_images/Screenshot_2024-08-18_165849.png', '2024-09-21 13:42:33.896758', '2025-01-26 12:29:19.743440', 9, 9, 8, 1, 1, 23);


INSERT INTO `administration_teacherinfo` (`teacher_id`, `first_name`, `middle_name`, `last_name`, `applicant_status`, `dob`, `gender`, `higher_edu_cmp`, `graduation_certificate`, `profile_image`, `created_at`, `updated_at`, `address_id`, `contact_id`, `degree_id`, `salary_id`, `user_id`) VALUES
(11, 'John', 'A.', 'Doe', 1, '1985-06-15', 'male', '2010-04-20', 'https://picsum.photos/200/300?random=1', 'https://picsum.photos/200/300?random=1', '2024-08-30 11:23:57.000000', '2024-08-30 11:23:57.000000', 1, 1, 2, 3, 2),
(12, 'Jane', 'Bl.', 'Smith', 2, '1990-07-22', 'female', '2012-09-05', 'https://picsum.photos/200/300?random=1', 'teacher_profile_images/mine_photo.jpg', '2024-08-30 11:23:57.000000', '2024-09-23 13:19:16.098550', 3, 2, 1, 1, 1),
(13, 'Alice', 'C.', 'Johnson', 1, '1988-11-11', 'female', '2015-03-15', 'https://picsum.photos/200/300?random=1', 'https://picsum.photos/200/300?random=1', '2024-08-30 11:23:57.000000', '2024-08-30 11:23:57.000000', 1, 3, 4, 4, 3),
(14, 'Bob', 'D.', 'Williams', 2, '1975-01-10', 'male', '2016-07-25', 'https://picsum.photos/200/300?random=1', 'https://picsum.photos/200/300?random=1', '2024-08-30 11:23:57.000000', '2024-08-30 11:23:57.000000', 2, 1, 3, 2, 5),
(15, 'Carol', 'E.', 'Jones', 1, '1982-11-30', 'female', '2018-05-22', 'https://picsum.photos/200/300?random=1', 'https://picsum.photos/200/300?random=1', '2024-08-30 11:23:57.000000', '2024-08-30 11:23:57.000000', 3, 2, 2, 3, 4),
(16, 'David', 'Fu.', 'Brown', 2, '1995-03-15', 'male', '2019-06-10', 'https://picsum.photos/200/300?random=1', 'https://picsum.photos/200/300?random=1', '2024-08-30 11:23:57.000000', '2024-09-20 12:59:20.321167', 1, 3, 1, 1, 6),
(17, 'Eve', 'G.', 'Davis', 1, '1984-04-20', 'female', '2017-08-18', 'https://picsum.photos/200/300?random=1', 'https://picsum.photos/200/300?random=1', '2024-08-30 11:23:57.000000', '2024-08-30 11:23:57.000000', 2, 1, 2, 2, 7),
(18, 'Frank', 'H.', 'Miller', 2, '1979-09-25', 'male', '2014-12-01', 'https://picsum.photos/200/300?random=1', 'https://picsum.photos/200/300?random=1', '2024-08-30 11:23:57.000000', '2024-08-30 11:23:57.000000', 3, 2, 4, 4, 9),
(19, 'Grace', 'I.', 'Wilson', 1, '1992-10-30', 'other', '2016-11-15', 'https://picsum.photos/200/300?random=1', 'https://picsum.photos/200/300?random=1', '2024-08-30 11:23:57.000000', '2024-08-30 11:23:57.000000', 1, 3, 1, 1, 8),
(20, 'Hank', 'J.', 'Moore', 2, '1986-02-20', 'male', '2018-04-25', 'https://picsum.photos/200/300?random=1', 'https://picsum.photos/200/300?random=1', '2024-08-30 11:23:57.000000', '2024-08-30 11:23:57.000000', 2, 1, 3, 3, 10);

INSERT INTO `administration_teachercourses` (`tc_id`, `teacher_id`) VALUES
(1, 11);

INSERT INTO `administration_teachercourses_subject` (`id`, `teachercourses_id`, `coursesubject_id`) VALUES
(1, 1, 1),
(2, 1, 2),
(3, 1, 3),
(4, 1, 4),
(5, 1, 10),
(6, 1, 11);